file,dimension,seed,norm/GH(LLL),norm/GH(Heavy),norm/GH(MCTS),shorten,real nodes,cycles,Total nodes
dim30_seed0.txt,30,0,1.06161,1.04783,1.04783,0.01378,261273,1,387466
dim30_seed1.txt,30,1,1.02448,0.95280,0.95280,0.07168,48355,1,66081
dim30_seed2.txt,30,2,1.12760,1.03943,1.03943,0.08817,377932,1,522997
dim30_seed3.txt,30,3,0.87289,0.87289,0.87289,0.00000,0,1,390103
dim30_seed4.txt,30,4,0.99952,0.99952,0.99952,0.00000,0,1,60543
dim30_seed5.txt,30,5,1.08657,0.98225,0.98225,0.10432,527730,1,562356
dim30_seed6.txt,30,6,1.06589,0.97159,0.97159,0.09430,250278,1,270072
dim31_seed0.txt,31,0,1.04164,1.02024,1.02024,0.02140,291017,1,491005
dim31_seed1.txt,31,1,0.94809,0.94809,0.94809,0.00000,0,1,871199
dim31_seed2.txt,31,2,0.87783,0.87783,0.87783,0.00000,0,1,80699
dim31_seed3.txt,31,3,1.04807,1.04807,1.04807,0.00000,0,1,102590
dim31_seed4.txt,31,4,1.05912,1.03094,1.03094,0.02817,136208,1,248602
dim31_seed5.txt,31,5,1.06823,1.04325,1.04325,0.02498,330840,1,459122
dim31_seed6.txt,31,6,1.09684,1.03190,1.03190,0.06494,485865,1,559435
dim32_seed0.txt,32,0,1.00213,1.00213,1.00213,0.00000,135758,1,191285
dim32_seed1.txt,32,1,1.08094,1.03059,1.03059,0.05034,471762,1,612310
dim32_seed2.txt,32,2,1.05272,1.05272,1.05272,0.00000,0,1,180005
dim32_seed3.txt,32,3,1.02946,1.02946,1.02946,0.00000,0,1,456534
dim32_seed4.txt,32,4,1.06387,0.99814,0.99814,0.06573,420234,1,515528
dim32_seed5.txt,32,5,1.10941,0.99790,0.99790,0.11151,1002998,1,1116115
dim32_seed6.txt,32,6,1.12133,1.06832,1.06832,0.05301,749940,1,1176258
dim33_seed0.txt,33,0,0.99226,0.98289,0.98289,0.00937,1885706,1,1991263
dim33_seed1.txt,33,1,1.15474,0.98434,0.98434,0.17041,7514399,1,7798719
dim33_seed2.txt,33,2,1.03886,1.03886,1.03886,0.00000,0,1,209074
dim33_seed3.txt,33,3,1.03051,1.00184,1.00184,0.02868,309058,1,595540
dim33_seed4.txt,33,4,1.08975,0.88713,0.88713,0.20262,951922,1,992166
dim33_seed5.txt,33,5,1.12214,1.07352,1.07352,0.04863,1718453,1,2635860
dim33_seed6.txt,33,6,0.99972,0.99972,0.99972,0.00000,0,1,2875698
dim34_seed0.txt,34,0,1.08406,1.06970,1.01683,0.06723,974300,1,1341000
dim34_seed1.txt,34,1,1.00544,1.00544,1.00544,0.00000,0,1,1774299
dim34_seed2.txt,34,2,1.08058,1.00407,1.00407,0.07651,664599,1,863903
dim34_seed3.txt,34,3,1.06675,1.05089,1.05089,0.01585,580613,1,899688
dim34_seed4.txt,34,4,1.05293,1.05561,1.03512,0.01781,1180583,1,1690852
dim34_seed5.txt,34,5,1.04003,0.93850,0.93850,0.10153,3312052,1,3609132
dim34_seed6.txt,34,6,1.04123,0.93658,0.93658,0.10465,479237,1,558574
dim35_seed0.txt,35,0,1.05038,1.05038,1.05038,0.00000,4391203,1,5306126
dim35_seed1.txt,35,1,1.06600,1.02799,1.02799,0.03801,10288047,2,10899923
dim35_seed2.txt,35,2,1.11075,1.02579,1.02579,0.08496,6566567,1,7864236
dim35_seed3.txt,35,3,1.07399,1.01377,1.01377,0.06023,1035653,1,1674893
dim35_seed4.txt,35,4,1.09616,0.96029,0.96029,0.13588,4604978,1,5010507
dim35_seed5.txt,35,5,1.09429,1.07166,0.97864,0.11565,1088623,1,1427703
dim35_seed6.txt,35,6,1.15113,0.95508,1.15113,0.00000,0,1,9000000
dim36_seed0.txt,36,0,1.03667,1.03667,1.03667,0.00000,3441476,1,5481729
dim36_seed1.txt,36,1,1.08070,1.04076,1.04076,0.03993,2316261,1,3419738
dim36_seed2.txt,36,2,1.05519,1.05076,1.05076,0.00443,2336806,1,4011799
dim36_seed3.txt,36,3,1.11838,1.04156,1.03048,0.08790,16550827,2,18571124
dim36_seed4.txt,36,4,1.10239,1.04622,1.04622,0.05618,13064889,2,14026355
dim36_seed5.txt,36,5,1.10714,1.05354,1.05354,0.05359,4656151,1,7960508
dim36_seed6.txt,36,6,1.09344,1.06971,1.06922,0.02422,1912452,1,3792025
dim37_seed0.txt,37,0,1.03198,0.93575,0.93575,0.09623,9000000,2,9351876
dim37_seed1.txt,37,1,1.09757,1.04002,1.04002,0.05755,3999378,1,5895753
dim37_seed2.txt,37,2,1.02013,1.02013,1.02013,0.00000,0,1,14736294
dim37_seed3.txt,37,3,1.05349,0.97346,0.97346,0.08004,2825013,1,3430538
dim37_seed4.txt,37,4,1.04987,1.04987,1.01944,0.03043,2172307,1,4097004
dim37_seed5.txt,37,5,0.99984,0.92854,0.92854,0.07130,16454933,2,16833950
dim37_seed6.txt,37,6,1.12849,1.05690,1.12849,0.00000,0,1,9000000
dim38_seed0.txt,38,0,1.20418,1.02764,1.20418,0.00000,0,1,9000000
dim38_seed1.txt,38,1,1.12977,1.00710,1.12977,0.00000,0,1,9000000
dim38_seed2.txt,38,2,1.11758,0.94973,1.11758,0.00000,0,1,9000000
dim38_seed3.txt,38,3,1.11597,1.04810,1.11597,0.00000,0,1,9000000
dim38_seed4.txt,38,4,1.09588,1.03931,1.03931,0.05657,13403013,2,19256670
dim38_seed5.txt,38,5,1.11918,1.06921,1.06921,0.04997,17445436,2,25539957
dim38_seed6.txt,38,6,1.11153,1.02675,1.02675,0.08478,8371908,1,12249767
dim39_seed0.txt,39,0,1.11201,1.00565,1.11201,0.00000,0,1,9000000
dim39_seed1.txt,39,1,0.99039,0.99039,0.99039,0.00000,0,1,9000000
dim39_seed2.txt,39,2,1.07823,1.04845,1.07823,0.00000,0,1,9000000
dim39_seed3.txt,39,3,1.01498,0.95523,0.95523,0.05975,6385467,1,8555038
dim39_seed4.txt,39,4,1.13475,1.03667,1.13475,0.00000,0,1,9000000
dim39_seed5.txt,39,5,1.08604,1.03883,1.08604,0.00000,0,1,9000000
dim39_seed6.txt,39,6,1.05464,1.00429,1.05464,0.00000,0,1,9000000
dim40_seed0.txt,40,0,1.09865,1.04361,1.09865,0.00000,0,1,9000000
dim40_seed1.txt,40,1,1.08392,1.03498,1.08392,0.00000,0,1,9000000
dim40_seed2.txt,40,2,1.07401,1.01770,1.07401,0.00000,0,1,9000000
dim40_seed3.txt,40,3,1.12403,0.96220,1.12403,0.00000,0,1,9000000
dim40_seed4.txt,40,4,1.00519,1.00519,1.00519,0.00000,0,1,6343605
dim40_seed5.txt,40,5,1.03901,1.03901,1.03901,0.00000,0,1,9000000
dim40_seed6.txt,40,6,1.23561,1.02633,1.23561,0.00000,0,1,9000000
dim40_seed5778.txt,40,5778,1.12654,0.98973,1.12654,0.00000,0,1,9000000
